관리번호,급경사지명,소재지,비고(Note),region,경사도(Slope),곡률(Curvature),거칠기(Roughness),사면향(Aspect),aspect_sin,aspect_cos,S1_transfer,S1_used,Susceptibility,RiskScore,risk_grade5_by_region
1,정선병원지구,정선읍 봉양리 430대,실측값,정선_v2(라벨없음),11.41,-0.27,39.99,178.99,0.01762691251357167,-0.9998446339083082,0.27422624603141177,0.21170485717384357,0.16936388573907488,16.936389,2
2,관음동지구,정선읍 봉양리 510-2 전,실측값,정선_v2(라벨없음),20.8,-0.8,87.61,195.85,-0.27311983686282176,-0.9619800178340637,0.7226303574396211,0.6771727019580643,0.5417381615664515,54.173816,5
3,세대1지구,정선읍 봉양리 485전,실측값,정선_v2(라벨없음),27.34,-0.68,105.35,154.55,0.4297232787322056,-0.9029606324284815,0.7564139937847066,0.7153382793275976,0.5722706234620781,57.227062,5
4,세대6지구,정선읍 봉양리 581전,실측값,정선_v2(라벨없음),14.52,-0.4,68.91,211.19,-0.5178777122574485,-0.8554546599013833,0.7685361811077346,0.7291169283201198,0.5832935426560958,58.329354,5
5,봉양2지구,정선읍 봉양리 산10임,실측값,정선_v2(라벨없음),34.65,0.78,171.71,120.1,0.8651514205697046,-0.501510737159457,0.7054312488189917,0.6578784078226165,0.5263027262580933,52.630273,5
6,세대8지구,정선읍 봉양리 산30임,실측값,정선_v2(라벨없음),24.72,-0.36,106.03,294.18,-0.9122631507322384,0.40960461889008204,0.17977444146466942,0.12754796612522612,0.1020383729001809,10.203837,1
7,봉양5지구,정선읍 봉양리 821-2전,실측값,정선_v2(라벨없음),10.0,-0.93,57.03,102.83,0.9750332181174115,-0.22205905423468852,0.8025741576571698,0.7680371121099365,0.6144296896879493,61.442969,5
8,세대7지구,정선읍 봉양리 산66-1임,실측값,정선_v2(라벨없음),15.89,-0.11,70.3,231.12,-0.7784623015670236,-0.6276913612907002,0.7793608365357324,0.7414575538469845,0.5931660430775877,59.316604,5
9,봉양3지구,정선읍 봉양리 861전,실측값,정선_v2(라벨없음),40.04,0.73,179.13,121.83,0.8496166630887036,-0.5274007260158221,0.43498353661476047,0.3682708837081484,0.29461670696651876,29.461671,3
10,북실지구,정선읍 북실리 산3-14 도,실측값,정선_v2(라벨없음),14.79,-0.11,51.63,358.94,-0.018499434734501462,0.9998288708146529,0.952035900758356,0.9427227568213443,0.7541782054570755,75.417821,5
11,애산지구,정선읍 북실리 산4임,실측값,정선_v2(라벨없음),38.82,0.27,200.05,35.4,0.5792811723426788,0.8151277957285542,0.66058674068171,0.608017140727476,0.48641371258198085,48.641371,4
12,강원 정선 정선 북실 N1지구,정선읍 북실리 산129임,실측값,정선_v2(라벨없음),19.32,-0.0,85.15,332.86,-0.4561662819488597,0.8898945573566306,0.8310844928874084,0.8008924778926865,0.6407139823141492,64.071398,5
13,강원 정선 정선 북실 N2지구,정선읍 북실리 산129-9도,실측값,정선_v2(라벨없음),26.74,-0.12,123.2,313.66,-0.7234492966003822,0.6903775164708164,0.07211249132180379,0.04261991700281941,0.03409593360225553,3.409593,1
14,덕송3지구,정선읍 덕송리 산66임,실측값,정선_v2(라벨없음),13.7,0.78,72.28,140.69,0.6335159235753627,-0.773729652124342,0.7932846366983243,0.757381778157062,0.6059054225256496,60.590542,5
15,납덕동지구,정선읍 덕송리 685대,실측값,정선_v2(라벨없음),21.77,-0.45,106.24,129.77,0.7686185789184651,-0.6397073394462184,0.28039610090609324,0.21743345370046518,0.17394676296037215,17.394676,2
16,정선 25km210(중),정선읍 덕송리 산27-2철,실측값,정선_v2(라벨없음),29.6,0.33,122.87,7.55,0.13139134126869803,0.9913305782833558,0.24449194701631605,0.18446648436195892,0.14757318748956713,14.757319,1
17,정선 27km200(좌),정선읍 덕송리 산134-2임,실측값,정선_v2(라벨없음),27.25,0.43,106.08,348.94,-0.1918368481486294,0.9814268305341971,0.716336947222924,0.6701018580278643,0.5360814864222915,53.608149,5
18,정선 24km430(중),정선읍 덕송리 298-4철,실측값,정선_v2(라벨없음),30.38,-0.24,139.24,139.69,0.646922880393151,-0.7625554319679513,0.1341708337452708,0.0897820964651159,0.07182567717209272,7.182568,1
19,강원-정선선15-충,정선읍 덕송리 산137-2임,실측값,정선_v2(라벨없음),25.61,0.23,116.43,71.81,0.9500265497824438,0.3121691123549312,0.6632015955662134,0.6109063999205407,0.48872511993643264,48.872512,4
20,정선 21km652(우),정선읍 애산리 산161 임,실측값,정선_v2(라벨없음),17.96,1.31,85.6,304.11,-0.8279624720472091,0.5607835098159312,0.15298405629124853,0.10509339118132552,0.08407471294506041,8.407471,1
21,정선 21km800(우),정선읍 애산리 산163-4철,실측값,정선_v2(라벨없음),13.34,-0.72,53.54,281.05,-0.9814602974323101,0.19166555393205487,0.3588224965397222,0.2923180252974034,0.23385442023792274,23.385442,2
22,강원-정선선14-충,정선읍 애산리 산45-3철,실측값,정선_v2(라벨없음),19.33,-0.63,75.22,286.49,-0.9588692902931946,0.28384799476590533,0.11968428088769965,0.07827886818260846,0.06262309454608676,6.262309,1
23,강원 정선 정선 애산 N1지구,정선읍 애산리 산50-1임,실측값,정선_v2(라벨없음),23.61,-0.66,105.54,185.41,-0.09428207022617982,-0.9955455244406786,0.7354660347981191,0.6916321058349332,0.5533056846679466,55.330568,5
24,정선 20km615(중),정선읍 애산리 산177-1임,실측값,정선_v2(라벨없음),14.85,0.03,58.8,274.67,-0.9966801531019732,0.0814166593064783,0.1996813149476832,0.14467880518551854,0.11574304414841484,11.574304,1
25,강원-정선선13-충,정선읍 애산리 467-2철,실측값,정선_v2(라벨없음),3.01,-0.31,15.41,258.74,-0.9807512157806098,-0.1952614983678445,0.3439198628231361,0.2778105348962393,0.22224842791699145,22.224843,2
26,강원 정선 정선 신월 N2지구,정선읍 신월리 산47임,실측값,정선_v2(라벨없음),20.07,0.29,86.58,262.11,-0.9905334367505378,-0.13727166743056712,0.18705614583491134,0.13377235666984455,0.10701788533587564,10.701789,1
27,정선 17km890(중),정선읍 신월리 산198-2임,실측값,정선_v2(라벨없음),16.09,-0.14,60.49,354.43,-0.09706178655843523,0.9952783578427117,0.9409432723277834,0.9295572227274033,0.7436457781819227,74.364578,5
28,강원-정선선10-충,정선읍 신월리 산202-2임,실측값,정선_v2(라벨없음),5.54,-0.85,48.38,332.35,-0.46406921712668847,0.8857989397800284,0.7995193273354956,0.7645304019764493,0.6116243215811594,61.162432,5
29,정선 17km120(중),정선읍 신월리 산206-1철,실측값,정선_v2(라벨없음),8.47,-0.7,63.7,1.76,0.03071296426525265,0.9995282456369311,0.9008088540540174,0.8821839972649805,0.7057471978119845,70.57472,5
30,정선 18km160(중),정선읍 신월리 산100 임,실측값,정선_v2(라벨없음),19.68,0.25,87.38,134.66,0.7112903627557938,-0.7028982997921757,0.8498403308960019,0.8226304955058962,0.658104396404717,65.81044,5
31,강원-정선선11-충,정선읍 신월리 산199-2철,실측값,정선_v2(라벨없음),21.68,-0.22,92.93,18.1,0.31067642963073183,0.9505157316277837,0.5282350364701637,0.4649354317944192,0.3719483454355354,37.194835,3
32,정선 17km828(중),정선읍 신월리 산199-2철,실측값,정선_v2(라벨없음),21.68,-0.22,92.93,18.1,0.31067642963073183,0.9505157316277837,0.5282350364701637,0.4649354317944192,0.3719483454355354,37.194835,3
33,정선 19km030(중),정선읍 신월리 산130-5철,실측값,정선_v2(라벨없음),13.44,-0.3,72.33,45.14,0.7088324563865656,0.7053768842065834,0.23926834280135872,0.17974726458297852,0.1437978116663828,14.379781,1
34,강원-정선선12-충,정선읍 신월리 880-2철,실측값,정선_v2(라벨없음),14.18,-0.26,65.26,221.29,-0.6598705375823843,-0.751379314082265,0.797250885521997,0.7619281379869798,0.6095425103895838,60.954251,5
35,강원 정선 정선 신월 N1지구,정선읍 신월리 383-6 전,실측값,정선_v2(라벨없음),11.84,-0.61,46.15,285.08,-0.9655635052852649,0.26016747925371503,0.622219745874865,0.5658906873417242,0.4527125498733794,45.271255,4
36,강원 정선 정선 덕우 N1지구,정선읍 덕우리 365전,실측값,정선_v2(라벨없음),16.24,-0.37,63.68,0.23,0.004014246498463718,0.9999919428800662,0.9263281797882074,0.9122583581646522,0.7298066865317218,72.980669,5
37,강원 정선 정선 여탄 N2지구,정선읍 여탄리 산89-2임,실측값,정선_v2(라벨없음),16.65,0.21,67.5,168.46,0.20005200227756154,-0.9797852807552982,0.794918575960862,0.7592541511033102,0.6074033208826481,60.740332,5
38,강원 정선 정선 여탄 N3지구,정선읍 여탄리 산105임,실측값,정선_v2(라벨없음),27.5,0.4,108.59,86.39,0.9980157542144626,0.06296470709641445,0.7722531466852862,0.7333505531635441,0.5866804425308353,58.668044,5
39,강원 정선 정선 여탄 N1지구,정선읍 여탄리 산47임,실측값,정선_v2(라벨없음),21.8,-0.35,96.13,329.68,-0.5048289749734218,0.863219384645227,0.6428735316368297,0.588505674077032,0.47080453926162563,47.080454,4
40,용탄교회지구,정선읍 용탄리 산204-1임,실측값,정선_v2(라벨없음),7.27,0.08,28.07,201.9,-0.372987782575809,-0.92783625389892,0.45425848266594193,0.38793919038540564,0.31035135230832456,31.035135,3
41,세대3지구,정선읍 용탄리 산134-1 도,실측값,정선_v2(라벨없음),9.35,-0.33,35.9,255.4,-0.9677091704819711,-0.25206935824311394,0.2354701761867275,0.1763287344546398,0.14106298756371186,14.106299,1
42,강원 정선 정선 용탄 N1지구,정선읍 용탄리 산250 임,실측값,정선_v2(라벨없음),20.47,0.55,83.59,100.15,0.9843497687844239,-0.1762258003075917,0.7521594728865525,0.7105128150044507,0.5684102520035607,56.841025,5
43,세대5지구,정선읍 용탄리 산156-2 도,실측값,정선_v2(라벨없음),9.71,-0.71,55.18,243.28,-0.8932144919853733,-0.4496308166788743,0.566574208601148,0.5057177080245527,0.4045741664196422,40.457417,4
44,벽탄초교지구,정선읍 용탄리 산305임,실측값,정선_v2(라벨없음),19.28,-0.11,77.91,216.57,-0.5958044390085682,-0.8031295477428815,0.5847503418267185,0.5252482102232313,0.4201985681785851,42.019857,4
45,강원 정선 정선 용탄 N3지구,정선읍 용탄리 산199-1도,실측값,정선_v2(라벨없음),7.3,1.0,53.97,37.09,0.6030687739024163,0.797689196331401,0.7805608190163199,0.7428277120117617,0.5942621696094094,59.426217,5
46,강원 정선 정선 용탄 N4지구,정선읍 용탄리 산199-1도,실측값,정선_v2(라벨없음),7.3,1.0,53.97,37.09,0.6030687739024163,0.797689196331401,0.7805608190163199,0.7428277120117617,0.5942621696094094,59.426217,5
47,강원 정선 정선 용탄 N2지구,정선읍 용탄리 산1임,실측값,정선_v2(라벨없음),8.98,-0.83,66.08,116.24,0.8969499218110301,-0.44213214966024256,0.8585486705105906,0.8327562561457694,0.6662050049166156,66.6205,5
48,광하교밑지구,정선읍 용탄리 548-12 도,실측값,정선_v2(라벨없음),16.65,-0.69,70.23,211.37,-0.5205626422897601,-0.8538234802652731,0.7716827962061971,0.7327006585887547,0.5861605268710037,58.616053,5
49,군언2지구,정선읍 광하리 산244임,실측값,정선_v2(라벨없음),34.56,0.32,149.19,42.11,0.6705561079609131,0.7418588181563337,0.7291039164258907,0.6844588090835424,0.5475670472668339,54.756705,5
50,강원 정선 정선 가수 N1지구,정선읍 가수리 281-1도,실측값,정선_v2(라벨없음),9.76,-0.79,67.44,231.13,-0.7785718425192171,-0.627555484428454,0.7710326783288565,0.7319599889872815,0.5855679911898253,58.556799,5
51,강원 정선 고한 고한 N8지구,고한읍 고한리 129-2도,추정값 (시뮬레이션),정선_v2(라벨없음),36.65,0.16,144.47,287.38,-0.9543446553069652,0.2987076813324855,0.18824978427294434,0.13479735937313145,0.10783788749850516,10.783789,1
52,고한초교옆지구,고한읍 고한리 73-14대,추정값 (시뮬레이션),정선_v2(라벨없음),19.59,0.51,124.59,163.58,0.28267630338317346,-0.9592153603365743,0.45785019736661503,0.3916229070373617,0.31329832562988935,31.329833,3
53,고한읍사무소지구,고한읍 고한리 84-8 잡,추정값 (시뮬레이션),정선_v2(라벨없음),5.29,-0.28,108.74,144.92,0.574719628890889,-0.8183503822737048,0.28803363541403526,0.224559714289868,0.17964777143189442,17.964777,2
54,고한2지구,고한읍 고한리 99-1철,추정값 (시뮬레이션),정선_v2(라벨없음),21.14,0.13,112.46,13.58,0.23480282039058192,0.9720430214433043,0.42869362466317157,0.3618898728176723,0.28951189825413787,28.95119,3
55,태백 79km940(좌),고한읍 고한리 99-1철,추정값 (시뮬레이션),정선_v2(라벨없음),4.03,-0.25,85.44,80.54,0.9864005861418533,0.1643590084510375,0.6087615042995042,0.5512347881267474,0.44098783050139795,44.098783,4
56,막골1지구,고한읍 고한리 99-23대,추정값 (시뮬레이션),정선_v2(라벨없음),17.23,0.93,139.75,225.9,-0.7181262977631889,-0.6959127965923142,0.3811344404443189,0.31426342085641334,0.2514107366851307,25.141074,2
57,강원-태백선75-충,고한읍 고한리 산2-2 철,추정값 (시뮬레이션),정선_v2(라벨없음),4.59,0.39,44.9,325.44,-0.5672689491267565,0.8235325976284275,0.7085387634825971,0.6613575839715986,0.5290860671772789,52.908607,5
58,강원 정선 고한 고한 N12지구,고한읍 고한리 산1-303 임,추정값 (시뮬레이션),정선_v2(라벨없음),22.3,0.07,148.86,103.97,0.9704222632724968,-0.24141381680650528,0.19786022776293474,0.14309689345759002,0.11447751476607203,11.447751,1
59,강원 정선 고한 고한 N11지구,고한읍 고한리 산 1-270임,추정값 (시뮬레이션),정선_v2(라벨없음),16.7,-0.83,74.0,111.2,0.9323238012155122,-0.3616245700820923,0.41377203124013906,0.34682736598494085,0.2774618927879527,27.746189,3
60,강원 정선 고한 고한 N9지구,고한읍 고한리 산 1-270임,추정값 (시뮬레이션),정선_v2(라벨없음),5.23,-0.77,112.97,183.09,-0.05390453463600181,-0.9985460936510022,0.29327333603155065,0.22947062327691026,0.18357649862152822,18.35765,2
61,삼봉지구,고한읍 고한리 36-14대,추정값 (시뮬레이션),정선_v2(라벨없음),,0.08,131.24,207.05,-0.45476787664929186,-0.8906100035188772,0.39130612476935916,0.324354535188079,0.2594836281504632,25.948363,2
62,진골지구,고한읍 고한리 47-1도,추정값 (시뮬레이션),정선_v2(라벨없음),33.98,-0.39,132.17,241.67,-0.8802290008207914,-0.4745491609033054,0.24034006728452698,0.18071383989697806,0.14457107191758245,14.457107,1
63,강원 정선 고한 고한 N14지구,고한읍 고한리 5-26 잡,추정값 (시뮬레이션),정선_v2(라벨없음),11.14,-0.05,89.09,232.34,-0.7916502665290899,-0.6109745129744947,0.5146775492816777,0.45065300278363,0.360522402226904,36.05224,3
64,강원 정선 고한 고한 N7지구,고한읍 고한리 5-26 잡,추정값 (시뮬레이션),정선_v2(라벨없음),20.0,0.3,83.62,31.29,0.5193699727684524,0.8545494903084883,0.7353295496896014,0.6914780880122106,0.5531824704097684,55.318247,5
65,강원 정선 고한 고한 N16지구,고한읍 고한리 5-26 잡,추정값 (시뮬레이션),정선_v2(라벨없음),23.75,0.7,101.78,9.66,0.16780118772170638,0.9858208566464723,0.7302554586617589,0.6857562499158736,0.5486049999326988,54.8605,5
66,강원 정선 고한 고한 N15지구,고한읍 고한리 5-26 잡,추정값 (시뮬레이션),정선_v2(라벨없음),3.77,0.42,63.59,69.64,0.9375251102584435,0.34791761616062683,0.6876620413059109,0.6380431677205893,0.5104345341764714,51.043453,4
67,막골3지구,고한읍 고한리 50-84 공,추정값 (시뮬레이션),정선_v2(라벨없음),8.9,0.15,102.59,230.37,-0.7701793827501824,-0.637827342144054,0.5527008507199261,0.49089449252270706,0.3927155940181657,39.271559,4
68,대원A진입로지구,고한읍 고한리 산260-9임,추정값 (시뮬레이션),정선_v2(라벨없음),32.09,0.39,113.41,208.5,-0.4771587602596084,-0.8788171126619654,0.6256072891735956,0.5695897432438921,0.4556717945951137,45.567179,4
69,양지말지구,고한읍 고한리 산260-9임,추정값 (시뮬레이션),정선_v2(라벨없음),24.18,-0.7,68.22,286.23,-0.9601474746471127,0.27949387637079276,0.2572568097051807,0.19608314115006883,0.15686651292005507,15.686651,2
70,막골2지구,고한읍 고한리 산307-2임,추정값 (시뮬레이션),정선_v2(라벨없음),19.91,-0.85,142.96,145.02,0.5732904634076326,-0.8193522103258536,0.5134222069000504,0.44933430744153713,0.3594674459532297,35.946745,3
71,진밭골지구,고한읍 고한리 산223임,추정값 (시뮬레이션),정선_v2(라벨없음),10.72,-0.15,102.07,263.04,-0.992630990608929,-0.1211763858296503,0.287942048493928,0.22447403230251106,0.17957922584200886,17.957923,2
72,태백 82km242(우),고한읍 고한리 산225-1철,추정값 (시뮬레이션),정선_v2(라벨없음),24.94,-0.62,101.93,284.67,-0.9674004875279185,0.253251449612328,0.1214817659168709,0.07969174115833315,0.06375339292666653,6.375339,1
73,태백 79km590(중),고한읍 고한리 산305-2철,추정값 (시뮬레이션),정선_v2(라벨없음),9.72,-0.24,99.71,120.67,0.8601194733646793,-0.5100926303514555,0.640846452679651,0.5862795983006496,0.4690236786405197,46.902368,4
74,강원-태백선76-충,고한읍 고한리 산216-3철,추정값 (시뮬레이션),정선_v2(라벨없음),29.64,-0.37,48.45,131.05,0.7541367734161842,-0.6567173874517309,0.3764192984310289,0.3096037819261669,0.24768302554093352,24.768303,2
75,강원 정선 고한 고한 N10지구,고한읍 고한리 427체,추정값 (시뮬레이션),정선_v2(라벨없음),21.44,0.2,77.15,204.93,-0.42151068276640896,-0.9068234361295454,0.29224182082585903,0.22850243800088904,0.18280195040071123,18.280195,2
76,강원-태백선72-충,고한읍 고한리 산1-2철,추정값 (시뮬레이션),정선_v2(라벨없음),34.2,0.13,15.48,53.96,0.8086064457378666,0.5883499094171551,0.6186765714370671,0.5620259962534199,0.44962079700273594,44.96208,4
77,태백 77km365(중),고한읍 고한리 산1-2철,추정값 (시뮬레이션),정선_v2(라벨없음),21.15,0.47,76.54,283.71,-0.9715077691458853,0.23700770976739385,0.03297695899296548,0.0166668192301242,0.013333455384099361,1.333346,1
78,태백 78km065(우),고한읍 고한리 산1-3철,추정값 (시뮬레이션),정선_v2(라벨없음),31.83,-0.56,83.95,180.05,-0.0008726645152354168,-0.9999996192282494,0.45656840705873825,0.39030761794591406,0.3122460943567313,31.224609,3
79,강원-태백선73-충,고한읍 고한리 산1-6철,추정값 (시뮬레이션),정선_v2(라벨없음),28.15,0.32,116.81,19.44,0.3328195445229867,0.9429905358928644,0.4347422243136552,0.36802573411669903,0.29442058729335924,29.442059,3
80,태백 79km370(중),고한읍 고한리 산1-6철,추정값 (시뮬레이션),정선_v2(라벨없음),16.6,-0.95,182.26,257.27,-0.9754192990235331,-0.2203569628862208,0.2481040387614716,0.18774163719201226,0.1501933097536098,15.019331,2
81,강원-태백선74-충,고한읍 고한리 산1-18철,추정값 (시뮬레이션),정선_v2(라벨없음),24.95,-0.73,72.38,71.36,0.9475455034571837,0.31962089868791793,0.4412823663543778,0.3746794620892259,0.29974356967138077,29.974357,3
82,중앙지구,고한읍 고한리 산1-213임,추정값 (시뮬레이션),정선_v2(라벨없음),25.02,-0.35,110.35,235.48,-0.8239284253426293,-0.5666938767204172,0.0656388128866256,0.03807087527072035,0.030456700216576284,3.04567,1
83,삼봉2지구,고한읍 고한리 산1-210임,추정값 (시뮬레이션),정선_v2(라벨없음),20.77,0.39,158.14,194.26,-0.24632245198486993,-0.9691879330904618,0.5659107433810778,0.5050071494373788,0.40400571954990305,40.400572,4
84,태백 82km680(중),고한읍 고한리 산213-5철,추정값 (시뮬레이션),정선_v2(라벨없음),23.79,-0.83,117.15,44.94,0.70636591311755,0.7078468738262603,0.3477312055040092,0.28150907475964154,0.22520725980771325,22.520726,2
85,강원 정선 고한 고한 N13지구,고한읍 고한리 산2-251도,추정값 (시뮬레이션),정선_v2(라벨없음),16.16,-0.32,116.43,39.65,0.6380961466011305,0.7699566920890997,0.1517984636031106,0.10411680945179065,0.08329344756143253,8.329345,1
86,강원 정선 고한 고한 N6지구,고한읍 고한리 230전,추정값 (시뮬레이션),정선_v2(라벨없음),22.77,-1.05,79.66,175.96,0.07045288777538664,-0.9975151079578237,0.49194515791637455,0.42687431914949037,0.3414994553195923,34.149946,3
87,주공지구,고한읍 고한리 63-40 임,추정값 (시뮬레이션),정선_v2(라벨없음),34.24,0.34,119.68,61.66,0.8801461629613543,0.4747027826170867,0.7353244256914906,0.6914723059027618,0.5531778447222094,55.317784,5
88,태백 77km705(우),고한읍 고한리 274천,추정값 (시뮬레이션),정선_v2(라벨없음),1.99,1.11,44.08,348.53,-0.19885481973619873,0.9800289590964565,0.808778443109844,0.7751673654892336,0.6201338923913869,62.013389,5
89,휴관광호텔지구,고한읍 고한리 산88임,추정값 (시뮬레이션),정선_v2(라벨없음),32.23,0.51,102.32,220.76,-0.6528919625527045,-0.757451044777204,0.6865695009609729,0.6368269125333605,0.5094615300266885,50.946153,4
90,고토일지구,고한읍 고한리 산85-1도,추정값 (시뮬레이션),정선_v2(라벨없음),5.32,-0.39,54.99,34.2,0.5620833778521306,0.8270805742745618,0.6321349571673253,0.5767289723991988,0.4613831779193591,46.138318,4
91,강원 정선 고한 고한 N1지구,고한읍 고한리 산85임,추정값 (시뮬레이션),정선_v2(라벨없음),13.98,0.51,45.14,217.5,-0.6087614290087207,-0.7933533402912352,0.6666602749109747,0.614731534995076,0.49178522799606084,49.178523,4
92,강원 정선 고한 고한 N5지구,고한읍 고한리 산70-1임,추정값 (시뮬레이션),정선_v2(라벨없음),20.22,-0.29,56.05,57.23,0.8408501260153088,0.541268016402262,0.41560621910686496,0.34867310178089106,0.27893848142471284,27.893848,3
93,형제카센터지구,고한읍 고한리 373대,추정값 (시뮬레이션),정선_v2(라벨없음),20.51,1.34,78.6,60.5,0.8703556959398997,0.4924235601034671,0.5124743723139503,0.4483390658770721,0.35867125270165773,35.867125,3
94,고한1지구(지방도414),고한읍 고한리 산214임,추정값 (시뮬레이션),정선_v2(라벨없음),32.09,-0.37,44.07,197.16,-0.29504106792828116,-0.9554845724739565,0.2526598749961202,0.19188610716751892,0.15350888573401514,15.350889,2
95,고한2지구(지방도414),고한읍 고한리 산214임,추정값 (시뮬레이션),정선_v2(라벨없음),26.17,-0.95,98.3,46.76,0.7284905457796674,0.685055855175067,0.4466973032257916,0.38020340038434397,0.3041627203074752,30.416272,3
96,소두문동지구,고한읍 고한리 332-3도,추정값 (시뮬레이션),정선_v2(라벨없음),2.92,-0.62,103.88,305.41,-0.815026679676439,0.5794234301576,0.4017712848339046,0.3347916923090725,0.26783335384725804,26.783335,2
97,스키장입구,고한읍 고한리 124-123도,추정값 (시뮬레이션),정선_v2(라벨없음),4.83,-0.44,31.54,185.21,-0.09080639343373549,-0.9958685650785236,0.5946641118313553,0.535952221476578,0.4287617771812624,42.876178,4
98,강원 정선 사북 직전 N1지구,사북읍 직전리 산93임,추정값 (시뮬레이션),정선_v2(라벨없음),20.08,-0.42,116.57,359.36,-0.011169874929421739,0.9999376150010865,0.5119890801243502,0.44782964370884026,0.3582637149670722,35.826371,3
99,직전2지구,사북읍 직전리 374 전,추정값 (시뮬레이션),정선_v2(라벨없음),4.34,-0.86,32.21,128.66,0.7808667188358014,-0.6246976608044963,0.6464868528029358,0.59247719253687,0.47398175402949605,47.398175,4
100,사북4지구(국지도28),사북읍 사북리 73-19전,추정값 (시뮬레이션),정선_v2(라벨없음),14.62,-0.16,118.79,177.17,0.04937273674606871,-0.9987804227487659,0.2570595839221136,0.1959027625517599,0.15672221004140793,15.672221,2
101,사북3지구(국지도28),사북읍 사북리 87임,추정값 (시뮬레이션),정선_v2(라벨없음),26.65,-0.9,21.2,204.12,-0.4086490747363489,-0.9126915874035029,0.1321515812389942,0.0881630968116372,0.07053047744930976,7.053048,1
102,범바위지구,사북읍 사북리 240-1도,추정값 (시뮬레이션),정선_v2(라벨없음),22.72,-0.6,77.34,280.73,-0.9825154470411361,0.18618108476844883,0.0492749468675808,0.02698680044093515,0.021589440352748124,2.158944,1
103,강원 정선 사북 사북 N8지구,사북읍 사북리 239대,추정값 (시뮬레이션),정선_v2(라벨없음),11.88,-0.07,113.2,20.92,0.3570640764585566,0.9340798923554655,0.5416971194580851,0.47919009382430766,0.38335207505944613,38.335208,3
104,강원 정선 사북 사북 N3지구,사북읍 사북리 산155-38 임,추정값 (시뮬레이션),정선_v2(라벨없음),20.44,-0.16,133.7,155.43,0.4158046603058575,-0.9094539485141238,0.16444746925172862,0.11461267087004688,0.09169013669603751,9.169014,1
105,화절령지구,사북읍 사북리 412-2임,추정값 (시뮬레이션),정선_v2(라벨없음),31.35,-0.69,34.97,26.03,0.4388416941387634,0.8985643925091957,0.597974201069754,0.5395341474927037,0.431627317994163,43.162732,4
106,강원-태백선70-충,사북읍 사북리 산139-2철,추정값 (시뮬레이션),정선_v2(라벨없음),16.28,-0.1,84.74,184.74,-0.08263427275954256,-0.9965799400778151,0.5413698580340214,0.4788427167727905,0.3830741734182324,38.307417,3
107,태백 73km635(중),사북읍 사북리 산139-2철,추정값 (시뮬레이션),정선_v2(라벨없음),26.32,0.23,63.75,226.09,-0.7204300792568962,-0.693527577607338,0.4793150710315512,0.41375694978541605,0.33100555982833285,33.100556,3
108,태백 73km820(중),사북읍 사북리 산139-2철,추정값 (시뮬레이션),정선_v2(라벨없음),23.99,0.15,92.8,170.37,0.16728499014996862,-0.9859085820047033,0.6313416629139088,0.575860566044861,0.46068845283588883,46.068845,4
109,태백 74km285(좌),사북읍 사북리 산139-2철,추정값 (시뮬레이션),정선_v2(라벨없음),13.01,-0.67,11.21,235.12,-0.8203515424890738,-0.571859551582202,0.46998993753431484,0.4041162104278076,0.3232929683422461,32.329297,3
110,강원 정선 사북 사북 N1지구,사북읍 사북리 산 155-108 임,추정값 (시뮬레이션),정선_v2(라벨없음),29.94,-1.49,47.63,186.9,-0.12013683883464703,-0.9927573419294455,0.26973698662538687,0.2075528024525962,0.16604224196207695,16.604224,2
111,강원 정선 사북 사북 N2지구,사북읍 사북리 산 155-108 임,추정값 (시뮬레이션),정선_v2(라벨없음),17.95,0.46,137.56,252.81,-0.9553299583633393,-0.29554131801408123,0.05697236478392609,0.032121594522088195,0.02569727561767056,2.569728,1
112,강원 정선 사북 사북 N9지구,사북읍 사북리 402-5도,추정값 (시뮬레이션),정선_v2(라벨없음),24.34,0.7,60.37,187.3,-0.1270646086013504,-0.9918944425900297,0.5249752494345671,0.46149456878431744,0.369195655027454,36.919566,3
113,태백 77km240(중),사북읍 사북리 산155-2철,추정값 (시뮬레이션),정선_v2(라벨없음),35.67,-0.33,83.54,156.93,0.3918554454350783,-0.9200267984590864,0.6144269040913948,0.5573965403732595,0.4459172322986076,44.591723,4
114,강원 정선 사북 사북 N5지구,사북읍 사북리 452-36도,추정값 (시뮬레이션),정선_v2(라벨없음),16.25,1.02,128.49,79.31,0.9826451865148971,0.18549511427286447,0.3579336034805019,0.29144926688351064,0.23315941350680852,23.315941,2
115,사북1지구(국지도28),사북읍 사북리 산4-2임,추정값 (시뮬레이션),정선_v2(라벨없음),22.06,-0.02,107.52,112.06,0.926791059145809,-0.3755773324994331,0.40208082490790104,0.3351012398501205,0.26808099188009643,26.808099,2
116,강원 정선 사북 사북 N6지구,사북읍 사북리 산11-6임,추정값 (시뮬레이션),정선_v2(라벨없음),17.95,-0.47,103.45,137.83,0.6713326128831354,-0.7411562068009026,0.6657222439693585,0.6136937241840119,0.49095497934720955,49.095498,4
117,사북여중지구,사북읍 사북리 산70-9목,추정값 (시뮬레이션),정선_v2(라벨없음),18.54,0.58,,48.83,0.7527596947353757,0.6582954063199165,0.6757363098048298,0.624788039260246,0.4998304314081968,49.983043,4
118,강원-태백선71-충,사북읍 사북리 산72-4철,추정값 (시뮬레이션),정선_v2(라벨없음),22.8,0.65,115.86,316.9,-0.6832737736807996,0.7301622766207521,0.31632096583656494,0.2512774832669404,0.2010219866135523,20.102199,2
119,강원 정선 신동 예미 N1지구,신동읍 예미리 산203-7철,추정값 (시뮬레이션),정선_v2(라벨없음),29.97,-0.14,107.65,218.3,-0.6197790317951402,-0.7847763705330829,0.2367265449802061,0.17745831420657557,0.14196665136526046,14.196665,1
120,강원-태백선42-충,신동읍 예미리 891-1철,추정값 (시뮬레이션),정선_v2(라벨없음),19.83,0.33,106.61,70.42,0.9421744900789598,0.33512270923417303,0.5840765775139506,0.5245220486085406,0.41961763888683246,41.961764,4
121,터널위지구,신동읍 예미리 산26-1임,추정값 (시뮬레이션),정선_v2(라벨없음),18.82,-0.66,42.25,270.5,-0.9999619230641713,0.008726535498374096,0.1308390214629052,0.08711335596723983,0.06969068477379187,6.969068,1
122,예미4지구(터널위2),신동읍 예미리 산27-1임,추정값 (시뮬레이션),정선_v2(라벨없음),14.3,0.27,74.35,48.8,0.7524149088957244,0.6586894601186806,0.5564162763279829,0.4948570827980084,0.3958856662384067,39.588567,4
123,강원-태백선43-충,신동읍 예미리 803-1철,추정값 (시뮬레이션),정선_v2(라벨없음),22.89,0.57,36.0,208.63,-0.4791515031124876,-0.8777322126167204,0.4645739021667966,0.3985343606501651,0.3188274885201321,31.882749,3
124,태백 49km510(우),신동읍 천포리 374-7철,추정값 (시뮬레이션),정선_v2(라벨없음),9.52,-1.28,74.55,307.01,-0.7985304613474923,0.60195440217691,0.46596020367149676,0.3999618713590963,0.31996949708727707,31.99695,3
125,강원 정선 신동 조동 N2지구,신동읍 조동리 산95-26도,추정값 (시뮬레이션),정선_v2(라벨없음),19.79,-0.51,103.32,104.67,0.9674004875279185,-0.2532514496123281,0.6873950485096405,0.6377459060348956,0.5101967248279164,51.019672,4
126,조동1지구(지방도421호),신동읍 조동리 산97-14임,추정값 (시뮬레이션),정선_v2(라벨없음),9.53,0.15,5.56,299.34,-0.8717274065385093,0.48999115164423573,0.5540253589692496,0.4923065030572998,0.39384520244583987,39.38452,4
127,강원 정선 신동 조동 N1지구,신동읍 조동리 산97-14임,추정값 (시뮬레이션),정선_v2(라벨없음),27.48,0.43,14.56,266.77,-0.998411399247551,-0.05634427967901876,0.25032971779834995,0.18976446558448226,0.1518115724675858,15.181157,2
128,강원-태백선46-충,신동읍 조동리 산48-3철,추정값 (시뮬레이션),정선_v2(라벨없음),19.0,-1.23,19.29,331.23,-0.48129477498021,0.8765588055440142,0.41409597662766356,0.34715323214709887,0.2777225857176791,27.772259,3
129,강원-태백선47-충,신동읍 조동리 산50-2철,추정값 (시뮬레이션),정선_v2(라벨없음),40.97,-1.18,138.18,150.06,0.49909282632798463,-0.8665485276128188,0.7709332490142666,0.7318467216612566,0.5854773773290053,58.547738,5
130,강원-태백선48-충,신동읍 조동리 산50-2철,추정값 (시뮬레이션),정선_v2(라벨없음),26.54,-1.18,29.44,231.84,-0.7862884321366191,-0.617859613090334,0.16397477627070375,0.11421744907193322,0.09137395925754659,9.137396,1
131,강원-태백선49-충,신동읍 조동리 산51-3철,추정값 (시뮬레이션),정선_v2(라벨없음),33.39,0.25,105.27,37.96,0.6151111900497221,0.7884403743312582,0.46529610744363625,0.39927792805795465,0.31942234244636375,31.942234,3
132,강원-태백선44-충,신동읍 조동리 산1-2철,추정값 (시뮬레이션),정선_v2(라벨없음),12.23,0.59,66.63,45.15,0.7089555570807734,0.7052531588616178,0.6735047489791535,0.6223128873764157,0.49785030990113255,49.785031,4
133,강원-태백선51-충,신동읍 조동리 산52-2철,추정값 (시뮬레이션),정선_v2(라벨없음),7.82,-1.14,16.15,295.61,-0.9017570994801263,0.4322431416890148,0.6057771604107467,0.5479935845323649,0.43839486762589197,43.839487,4
134,강원-태백선50-충,신동읍 조동리 산52-2철,추정값 (시뮬레이션),정선_v2(라벨없음),34.25,-0.54,129.79,115.9,0.8995577789551802,-0.43680178836770245,0.5572507556916895,0.495747804254954,0.3965982434039632,39.659824,4
135,태백 53km495(중),신동읍 조동리 산4-3철,추정값 (시뮬레이션),정선_v2(라벨없음),12.22,0.18,131.2,318.8,-0.6586894601186805,0.7524149088957245,0.19925777814476223,0.1443106357708297,0.11544850861666377,11.544851,1
136,강원-태백선45-충,신동읍 조동리 산4-9철,추정값 (시뮬레이션),정선_v2(라벨없음),15.89,0.72,149.43,61.5,0.8788171126619654,0.4771587602596084,0.37534413229098035,0.30854290002294243,0.24683432001835395,24.683432,2
137,태백 54km350(중),신동읍 조동리 산5-2철,추정값 (시뮬레이션),정선_v2(라벨없음),27.0,-0.15,37.38,209.7,-0.49545866843240716,-0.8686315144381914,0.13178111667826278,0.08786659965528786,0.07029327972423029,7.029328,1
138,태백 54km190(중),신동읍 조동리 산5-3철,추정값 (시뮬레이션),정선_v2(라벨없음),18.96,-1.11,85.54,214.56,-0.5672689491267565,-0.8235325976284273,0.37658607592891297,0.3097683980288498,0.24781471842307987,24.781472,2
139,강원-함백선3-충,신동읍 조동리 산53-5철,추정값 (시뮬레이션),정선_v2(라벨없음),16.88,0.39,26.31,324.57,-0.5797078928323673,0.8148243730938934,0.4697411968849859,0.4038595713813617,0.32308765710508935,32.308766,3
140,강원-함백선2-충,신동읍 조동리 산54-23철,추정값 (시뮬레이션),정선_v2(라벨없음),19.22,-0.06,103.52,32.52,0.5375939747589333,0.8432038414896432,0.621422852871033,0.5650210976675887,0.452016878134071,45.201688,4
141,강원-함백선2-1-충,신동읍 조동리 산54-23철,추정값 (시뮬레이션),정선_v2(라벨없음),21.38,0.65,106.14,141.48,0.6227877804881126,-0.7823908105765881,0.5788216035008867,0.5188641661430776,0.4150913329144621,41.509133,4
142,강원-함백선1-3-충,신동읍 조동리 산55-9철,추정값 (시뮬레이션),정선_v2(라벨없음),7.35,0.47,32.98,80.99,0.9876610225871372,0.15660684679199202,0.6749811202729236,0.6239502320271428,0.49916018562171427,49.916019,4
143,강원-함백선1-2-충,신동읍 조동리 산56-6임,추정값 (시뮬레이션),정선_v2(라벨없음),38.32,-0.2,56.84,166.11,0.2400586168321721,-0.970758394496089,0.4633155010999199,0.3972392897458262,0.317791431796661,31.779143,3
144,강원-함백선1-1-충,신동읍 조동리 산59-1철,추정값 (시뮬레이션),정선_v2(라벨없음),24.51,-0.7,131.61,143.6,0.5934188866037015,-0.804893797355914,0.19338702477605063,0.13922358040491747,0.11137886432393398,11.137886,1
145,강원-함백선1-충,신동읍 조동리 산59-2 철,추정값 (시뮬레이션),정선_v2(라벨없음),5.1,0.13,92.34,96.28,0.993999199399457,-0.10938734658651553,0.752422150413906,0.7108105852620965,0.5686484682096772,56.864847,5
146,태백 57km360(좌),신동읍 방제리 216-1철,추정값 (시뮬레이션),정선_v2(라벨없음),16.03,0.91,60.34,336.13,-0.4046628290142573,0.9144659615393992,0.7964954562637588,0.7610618687623035,0.6088494950098429,60.88495,5
147,강원-태백선55-충,신동읍 방제리 222-3철,추정값 (시뮬레이션),정선_v2(라벨없음),23.38,0.15,41.11,312.19,-0.7409218223624268,0.671591284299566,0.20499784569946197,0.14931352779279225,0.11945082223423381,11.945082,1
148,태백 57km595(좌),신동읍 방제리 222-3철,추정값 (시뮬레이션),정선_v2(라벨없음),12.75,0.11,126.17,17.52,0.3010386911959204,0.9536119265209759,0.25323576582718554,0.19241106882396236,0.1539288550591699,15.392886,2
149,태백 59km280(중),신동읍 방제리 288-10철,추정값 (시뮬레이션),정선_v2(라벨없음),11.48,-0.11,27.51,164.98,0.2591562010474918,-0.9658354225532588,0.29858372580554554,0.23446572204656516,0.18757257763725213,18.757258,2
150,태백 57km200(중),신동읍 방제리 산3-2철,추정값 (시뮬레이션),정선_v2(라벨없음),21.85,-0.07,31.24,93.58,0.9980485856506581,-0.062442138662291424,0.4315866061492579,0.36482244532575503,0.291857956260604,29.185796,3
151,태백 57km305(좌),신동읍 방제리 산4-3철,추정값 (시뮬레이션),정선_v2(라벨없음),37.36,-0.81,99.53,234.44,-0.8135069613655282,-0.5815551769263386,0.35184171515300433,0.2855070225391431,0.2284056180313145,22.840562,2
152,태백 59km930(중),신동읍 방제리 산62-2철,추정값 (시뮬레이션),정선_v2(라벨없음),16.0,1.23,82.19,160.21,0.338573700413982,-0.9409398755435882,0.6330104485978332,0.5776876116996528,0.46215008935972224,46.215009,4
153,태백 60km070(중),신동읍 방제리 산62-2철,추정값 (시뮬레이션),정선_v2(라벨없음),19.07,-1.12,132.94,166.62,0.2314083265429887,-0.9728567142218701,0.3223262525540469,0.257012836558786,0.2056102692470288,20.561027,2
154,태백 57km850(좌),신동읍 방제리 산7-3철,추정값 (시뮬레이션),정선_v2(라벨없음),16.58,-0.72,24.51,264.81,-0.9959002018170436,-0.09045876420099842,0.180256790380514,0.12795874165849744,0.10236699332679795,10.236699,1
155,태백 57km700(좌),신동읍 방제리 산7-10임,추정값 (시뮬레이션),정선_v2(라벨없음),23.68,0.21,140.48,182.66,-0.04640908259941721,-0.9989225180424558,0.3130689464972939,0.24818069143430824,0.1985445531474466,19.854455,2
156,태백 58km320(좌),신동읍 방제리 산8-3철,추정값 (시뮬레이션),정선_v2(라벨없음),28.61,-0.45,91.58,322.44,-0.6095918927412883,0.7927154119254233,0.36747827417608336,0.3008001175973227,0.2406400940778582,24.064009,2
157,강원-태백선52-충,신동읍 방제리 산1-8철,추정값 (시뮬레이션),정선_v2(라벨없음),26.37,-1.18,,116.36,0.8960219558485609,-0.4440097461062307,0.7378516746434305,0.6943251245912971,0.5554600996730378,55.54601,5
158,강원-태백선53-충,신동읍 방제리 산1-7철,추정값 (시뮬레이션),정선_v2(라벨없음),30.48,-0.72,79.6,192.89,-0.22307998468892795,-0.9748001438403606,0.41844691970041503,0.3515349020409208,0.28122792163273663,28.122792,3
159,강원-함백선6-충,신동읍 방제리 산33-2철,추정값 (시뮬레이션),정선_v2(라벨없음),22.13,0.53,92.52,297.62,-0.8860418044194044,0.46360535029398225,0.10545998029201632,0.06725200289573635,0.053801602316589085,5.38016,1
160,태백 58km790(중),신동읍 방제리 산28-2철,추정값 (시뮬레이션),정선_v2(라벨없음),9.57,-0.6,92.01,73.82,0.9603910134382122,0.27865588331690333,0.3541847568516967,0.2877900931001442,0.23023207448011537,23.023207,2
161,강원-태백선54-충,신동읍 방제리 산1-2철,추정값 (시뮬레이션),정선_v2(라벨없음),16.98,-0.19,41.33,40.47,0.6490498116908974,0.7607459115526095,0.22179830854260543,0.16411560414355023,0.1312924833148402,13.129248,1
162,태백 57km000(중),신동읍 방제리 산1-2철,추정값 (시뮬레이션),정선_v2(라벨없음),20.04,-0.44,94.2,280.94,-0.9818264598865659,0.1897809333590008,0.08844850583865022,0.0544538512819335,0.043563081025546804,4.356308,1
163,강원-함백선4-충,신동읍 방제리 산87-88철,추정값 (시뮬레이션),정선_v2(라벨없음),25.78,0.53,93.76,198.67,-0.3201169885177407,-0.9473780204661351,0.5127046179435235,0.4485807936668596,0.3588646349334877,35.886463,3
164,강원-함백선5-충,신동읍 방제리 산87-88철,추정값 (시뮬레이션),정선_v2(라벨없음),21.8,1.02,138.93,97.22,0.9920708913205255,-0.12567953928344164,0.3383963731307597,0.2724650737528894,0.21797205900231154,21.797206,2
165,함백 7km970(우),신동읍 방제리 산87-88철,추정값 (시뮬레이션),정선_v2(라벨없음),15.35,-0.06,22.16,347.69,-0.21320090965163205,0.9770083787377244,0.7602986576173121,0.7197489971553239,0.5757991977242591,57.57992,5
166,함백 8km420(우),신동읍 방제리 산87-88철,추정값 (시뮬레이션),정선_v2(라벨없음),12.21,-0.64,107.74,317.49,-0.6757188764954566,0.7371594128461753,0.14225448610261818,0.09631172586574,0.077049380692592,7.704938,1
167,함백 7km870(우),신동읍 방제리 산87-88철,추정값 (시뮬레이션),정선_v2(라벨없음),25.6,0.06,45.79,151.27,0.4806827042515428,-0.8768945990445054,0.1755246896839508,0.12393839184366805,0.09915071347493444,9.915071,1
168,강원-태백선57-충,신동읍 방제리 산8-5철,추정값 (시뮬레이션),정선_v2(라벨없음),31.12,1.26,81.59,195.21,-0.26235760179828627,-0.9649707191301982,0.5094013727426888,0.44511490087061284,0.3560919206964903,35.609192,3
169,강원-태백선56-충,신동읍 방제리 244-2철,추정값 (시뮬레이션),정선_v2(라벨없음),34.12,-0.61,4.16,166.78,0.22869069933948563,-0.9734991340702964,0.6827495270694532,0.6325774257773472,0.5060619406218778,50.606194,4
170,강원 정선 신동 방제 N1지구,신동읍 방제리 산87-151도,추정값 (시뮬레이션),정선_v2(라벨없음),25.48,-1.29,124.67,252.78,-0.955175082343596,-0.2960414870755525,0.27997450829494036,0.2170412033855199,0.17363296270841594,17.363296,2
171,태백 60km490(중),신동읍 방제리 산106-2철,추정값 (시뮬레이션),정선_v2(라벨없음),15.46,0.98,165.91,242.59,-0.8877350515999932,-0.4603547307900261,0.13340407674547222,0.08916674678528566,0.07133339742822853,7.13334,1
172,운치3지구,신동읍 운치리 산120임,실측값,정선_v2(라벨없음),15.77,0.53,72.75,320.06,-0.6419850575205026,0.7667171485759249,0.7344944273536966,0.6905358114082227,0.5524286491265782,55.242865,5
173,운치지구,신동읍 운치리 274전,실측값,정선_v2(라벨없음),5.13,-0.59,42.66,301.74,-0.8504440536988672,0.5260655011766483,0.6227756164453162,0.566497399185585,0.453197919348468,45.319792,4
174,태백 65km790(중),남면 문곡리 산41-3임,실측값,정선_v2(라벨없음),23.32,-0.98,106.18,297.85,-0.8841736393202329,0.4671584051809566,0.1429480604582351,0.09687549187183418,0.07750039349746735,7.750039,1
175,강원-태백선62-충,남면 문곡리 산42-2철,실측값,정선_v2(라벨없음),35.69,-0.03,170.65,25.22,0.4260951098432339,0.9046783723333296,0.4622869124957895,0.39618125035522245,0.316945000284178,31.6945,3
176,강원-태백선63-충,남면 문곡리 산42-2철,실측값,정선_v2(라벨없음),35.69,-0.03,170.65,25.22,0.4260951098432339,0.9046783723333296,0.4622869124957895,0.39618125035522245,0.316945000284178,31.6945,3
177,태백 66km210(중),남면 문곡리 산42-2철,실측값,정선_v2(라벨없음),35.69,-0.03,170.65,25.22,0.4260951098432339,0.9046783723333296,0.4622869124957895,0.39618125035522245,0.316945000284178,31.6945,3
178,태백 66km210(우),남면 문곡리 산42-2철,실측값,정선_v2(라벨없음),35.69,-0.03,170.65,25.22,0.4260951098432339,0.9046783723333296,0.4622869124957895,0.39618125035522245,0.316945000284178,31.6945,3
179,강원-태백선61-충,남면 문곡리 산46-9임,실측값,정선_v2(라벨없음),22.4,0.75,100.33,286.16,-0.9604882241787497,0.2783206266412028,0.01989020299548063,0.009085881295190553,0.0072687050361524425,0.726871,1
180,태백 65km360(우),남면 문곡리 산46-9임,실측값,정선_v2(라벨없음),22.4,0.75,100.33,286.16,-0.9604882241787497,0.2783206266412028,0.01989020299548063,0.009085881295190553,0.0072687050361524425,0.726871,1
181,태백 65km699(중),남면 문곡리 산46-9임,실측값,정선_v2(라벨없음),22.4,0.75,100.33,286.16,-0.9604882241787497,0.2783206266412028,0.01989020299548063,0.009085881295190553,0.0072687050361524425,0.726871,1
182,태백 65km545(중),남면 문곡리 산50-1임,실측값,정선_v2(라벨없음),27.17,-0.06,136.03,303.65,-0.8324379983891651,0.5541181993382281,0.06428947859251803,0.03713367090778137,0.029706936726225097,2.970694,1
183,강원 정선 남 문곡 N6지구,남면 문곡리 산50-5도,실측값,정선_v2(라벨없음),11.71,-1.17,79.58,103.46,0.9725326590327067,-0.23276646475549942,0.7682518273960498,0.7287932177052923,0.5830345741642339,58.303457,5
184,태백 65km177(중),남면 문곡리 산56-1임,실측값,정선_v2(라벨없음),21.25,0.5,82.7,260.61,-0.9866006523384225,-0.16315377042961396,0.04926864287281115,0.026982657423444637,0.02158612593875571,2.158613,1
185,태백 65km245(중),남면 문곡리 산56-1임,실측값,정선_v2(라벨없음),21.25,0.5,82.7,260.61,-0.9866006523384225,-0.16315377042961396,0.04926864287281115,0.026982657423444637,0.02158612593875571,2.158613,1
186,태백 65km088(중),남면 문곡리 산58-1임,실측값,정선_v2(라벨없음),23.82,0.29,91.91,259.21,-0.9823199399763947,-0.18720987026535862,0.09042451596050911,0.05591694439883788,0.04473355551907031,4.473356,1
187,태백 64km960(중),남면 문곡리 산58-2철,실측값,정선_v2(라벨없음),21.35,-0.47,89.52,262.98,-0.9925035507468237,-0.12221579993988911,0.19134907470121623,0.1374648427983521,0.1099718742386817,10.997187,1
188,태백 64km840(중),남면 문곡리 산69-3임,실측값,정선_v2(라벨없음),14.04,-0.93,70.87,326.76,-0.548147261700588,0.836381838331122,0.4419367887055058,0.375346341117662,0.30027707289412964,30.027707,3
189,태백 64km495(중),남면 문곡리 산69-5철,실측값,정선_v2(라벨없음),6.4,-0.88,67.31,307.52,-0.7931407941357946,0.6090383244736255,0.3739591141614097,0.3071771783906684,0.2457417427125347,24.574174,2
190,정선 4km025(우),남면 문곡리 산23-2철,추정값 (시뮬레이션),정선_v2(라벨없음),23.62,-0.59,91.64,258.67,-0.9805119269695574,-0.19645956599373168,0.16077186209013855,0.11154549889688488,0.08923639911750791,8.92364,1
191,정선 5km070(우),남면 문곡리 산23-6철,실측값,정선_v2(라벨없음),6.0,-1.03,60.36,262.18,-0.990700406440892,-0.1360614003964805,0.4035076415032588,0.3365287066314396,0.26922296530515166,26.922297,2
192,태백 64km275(중),남면 문곡리 산85-2 철,실측값,정선_v2(라벨없음),20.07,0.45,85.35,3.59,0.06261633004950362,0.9980376722404478,0.8007590387440044,0.7659531727803595,0.6127625382242876,61.276254,5
193,강원 정선 남 문곡 N5지구,남면 문곡리 200-2도,추정값 (시뮬레이션),정선_v2(라벨없음),3.25,0.73,153.51,1.41,0.024606658604981707,0.9996972103353584,0.5791690462658959,0.5192379319160104,0.41539034553280835,41.539035,4
194,강원 정선 남 문곡 N3지구,남면 문곡리 281-2도,실측값,정선_v2(라벨없음),6.5,-0.64,36.11,86.3,0.997915618272179,0.06453230825295801,0.5891086491464028,0.5299494902910584,0.42395959223284674,42.395959,4
195,정선 4km560(우),남면 문곡리 13-1철,추정값 (시뮬레이션),정선_v2(라벨없음),27.36,-0.74,85.34,355.2,-0.08367784333231584,0.9964928592495043,0.4654926241237024,0.3994802974786082,0.3195842379828866,31.958424,3
196,태백 62km370(중),남면 문곡리 211-2철,추정값 (시뮬레이션),정선_v2(라벨없음),27.86,-0.02,89.82,81.1,0.9879598657693891,0.15471038629946826,0.8099343209605451,0.7764969659011588,0.6211975727209271,62.119757,5
197,강원 정선 남 문곡 N2지구,남면 문곡리 169-6도,실측값,정선_v2(라벨없음),8.94,-1.07,65.48,109.75,0.9411760152563706,-0.337916718003327,0.7009810135795186,0.6529012589843428,0.5223210071874743,52.232101,5
198,강원-정선선03-충,남면 문곡리 70철,실측값,정선_v2(라벨없음),11.21,-0.93,63.46,119.74,0.8682854073831971,-0.49606496683942053,0.8643829409520554,0.8395516600988467,0.6716413280790774,67.164133,5
199,태백 63km700(중),남면 문곡리 산89-2철,추정값 (시뮬레이션),정선_v2(라벨없음),29.22,-0.08,118.41,75.27,0.9671347528418948,0.2542643699881035,0.3547302541440032,0.28832206252744147,0.23065765002195318,23.065765,2
200,강원-태백선60-충,남면 문곡리 산90-2 철,실측값,정선_v2(라벨없음),11.51,-0.44,57.54,325.96,-0.5597715445623715,0.8286469802625585,0.397728768013469,0.33075346756284496,0.264602774050276,26.460277,2
201,태백 63km400(우),남면 문곡리 산91-2철,실측값,정선_v2(라벨없음),15.64,-0.76,72.72,283.26,-0.9733392406205532,0.22937027415993727,0.10514522576336488,0.06701121146404243,0.05360896917123395,5.360897,1
202,태백 63km947(중),남면 문곡리 산91-2철,실측값,정선_v2(라벨없음),15.64,-0.76,72.72,283.26,-0.9733392406205532,0.22937027415993727,0.10514522576336488,0.06701121146404243,0.05360896917123395,5.360897,1
203,강원 정선 남 문곡 N4지구,남면 문곡리 산94-23도,추정값 (시뮬레이션),정선_v2(라벨없음),12.59,-0.02,43.61,5.07,0.08837275882253887,0.9960874738184862,0.9276376844240055,0.913806114634338,0.7310448917074704,73.104489,5
204,태백 63km500(중),남면 문곡리 산97-2철,추정값 (시뮬레이션),정선_v2(라벨없음),15.29,0.35,143.76,60.18,0.867591923866825,0.49727683802994616,0.24849471729343103,0.1880964472416846,0.1504771577933477,15.047716,2
205,강원-태백선58-충,남면 문곡리 산99-9 철,추정값 (시뮬레이션),정선_v2(라벨없음),34.14,0.04,123.51,156.02,0.4064177307804128,-0.9136873798555498,0.3776216047373648,0.31079083277670605,0.24863266622136485,24.863267,2
206,강원-태백선59-충,남면 문곡리 산100-1철,추정값 (시뮬레이션),정선_v2(라벨없음),25.29,-0.13,77.13,42.0,0.6691306063588582,0.7431448254773942,0.2898471101392779,0.22625738824062677,0.18100591059250143,18.100591,2
207,강원-태백선64-충,남면 무릉리 산594-1철,추정값 (시뮬레이션),정선_v2(라벨없음),25.52,-0.53,,354.67,-0.09289193499358127,0.9956761965685171,0.5735665215891881,0.5132164319233654,0.41057314553869234,41.057315,4
208,강원-태백선65-충,남면 무릉리 산594-1철,추정값 (시뮬레이션),정선_v2(라벨없음),16.47,0.31,65.1,66.05,0.9139000544257558,0.40593926949803766,0.5747433468800327,0.5144802921511146,0.4115842337208917,41.158423,4
209,강원-태백선66-충,남면 무릉리 산594-1철,추정값 (시뮬레이션),정선_v2(라벨없음),12.65,-0.34,92.94,230.44,-0.7709580608643364,-0.6368859147353647,0.5526425903943573,0.4908323988137385,0.39266591905099085,39.266592,4
210,태백 73km478(중),남면 무릉리 산599-5철,추정값 (시뮬레이션),정선_v2(라벨없음),13.39,0.44,116.34,57.7,0.8452618332218561,0.5343523493898265,0.46837858830265167,0.40245417768399205,0.3219633421471937,32.196334,3
211,자뭇골지구,남면 무릉리 772전,추정값 (시뮬레이션),정선_v2(라벨없음),11.81,0.93,165.53,234.58,-0.8149255387971921,-0.5795656703222734,0.18104896640850873,0.12863384749654916,0.10290707799723933,10.290708,1
212,무릉5지구(지방도421),남면 무릉리 산196-1 도,추정값 (시뮬레이션),정선_v2(라벨없음),4.85,-0.13,114.76,318.54,-0.662097017050553,0.7494181342967087,0.28697715532407403,0.22357168066751754,0.17885734453401403,17.885734,2
213,증산초교지구,남면 무릉리 788-2철,추정값 (시뮬레이션),정선_v2(라벨없음),30.73,0.13,86.87,311.81,-0.7453596564674312,0.6666625702038123,0.333775940609367,0.26800693628681427,0.21440554902945141,21.440555,2
214,무릉1지구(지방도421),남면 무릉리 산35-2임,추정값 (시뮬레이션),정선_v2(라벨없음),27.29,0.46,44.2,29.36,0.49029541205456867,0.8715563142552756,0.6279041095351838,0.5721000563593366,0.4576800450874693,45.768005,4
215,정선 3km270(우),남면 무릉리 808-1철,추정값 (시뮬레이션),정선_v2(라벨없음),10.84,-1.47,2.67,316.69,-0.6859453627893951,0.7276530486899132,0.48188968462793075,0.4164253465438574,0.33314027723508594,33.314028,3
216,정선 3km400(우),남면 무릉리 808-1철,추정값 (시뮬레이션),정선_v2(라벨없음),18.37,0.88,84.24,32.54,0.5378882756668476,0.8430161344245705,0.6850089296730766,0.6350902998299364,0.5080722398639491,50.807224,4
217,정선 3km650(우),남면 무릉리 808-1철,추정값 (시뮬레이션),정선_v2(라벨없음),14.81,-1.48,168.95,288.53,-0.9481573848900513,0.31780115399170444,0.4484101281746185,0.3819535018047369,0.30556280144378956,30.55628,3
218,정선 3km800(우),남면 무릉리 산 598-1 도,추정값 (시뮬레이션),정선_v2(라벨없음),16.0,-0.78,123.26,321.73,-0.6193680389092173,0.7851007784849983,0.18321132581840202,0.13047964938364126,0.10438371950691301,10.438372,1
219,무릉4지구(지방도421),남면 무릉리 183-2 도,추정값 (시뮬레이션),정선_v2(라벨없음),13.85,-0.29,26.24,85.27,0.9965943473003078,0.08246033548969679,0.48469824013086366,0.4193394598441829,0.3354715678753464,33.547157,3
220,정선 1km900(우),남면 무릉리 788-56철,추정값 (시뮬레이션),정선_v2(라벨없음),32.88,-0.09,10.09,158.78,0.3619499904445734,-0.9321975136295813,0.22959567107993784,0.17106313797983225,0.1368505103838658,13.685051,1
221,증산운동장위지구,남면 무릉리 589-3대,추정값 (시뮬레이션),정선_v2(라벨없음),20.47,-0.11,117.71,185.11,-0.08906813747238637,-0.9960255352586098,0.37016613297023304,0.30344222795366216,0.24275378236292974,24.275378,2
222,강원 정선 남 무릉 N3지구,남면 무릉리 산217임,추정값 (시뮬레이션),정선_v2(라벨없음),11.15,-0.44,0.11,166.97,0.22546120245765125,-0.9742521471294533,0.7153536769191708,0.6689982419961759,0.5351985935969407,53.519859,5
223,강원 정선 남 무릉 N2지구,남면 무릉리 산221-1 도,추정값 (시뮬레이션),정선_v2(라벨없음),3.05,-0.23,87.47,259.48,-0.9831912354632537,-0.18257873509322148,0.3110142440511712,0.24622737521438065,0.19698190017150452,19.69819,2
224,강원-정선선02-충,남면 무릉리 791-7철,추정값 (시뮬레이션),정선_v2(라벨없음),4.73,0.04,113.25,275.33,-0.9956761965685171,0.09289193499358085,0.28227656751894237,0.21918447693414744,0.17534758154731797,17.534758,2
225,정선 2km500(우),남면 무릉리 791-7철,추정값 (시뮬레이션),정선_v2(라벨없음),20.54,0.11,84.13,246.21,-0.9150300858548573,-0.4033855996195852,0.1675843728511847,0.11724119115368464,0.09379295292294772,9.379295,1
226,태백 72km000(좌),남면 무릉리 819-71천,추정값 (시뮬레이션),정선_v2(라벨없음),38.06,-0.9,29.38,225.11,-0.7084630247653165,-0.7057479313043564,0.3575650193061165,0.29108915812148106,0.23287132649718487,23.287133,2
227,강원 정선 남 무릉 N1지구,남면 무릉리 산227임,추정값 (시뮬레이션),정선_v2(라벨없음),17.37,-0.97,51.35,233.87,-0.807681270663325,-0.5896193390821546,0.4124736467409931,0.34552179532851857,0.27641743626281484,27.641744,3
228,태백 68km800(우),남면 무릉리 산520-2철,추정값 (시뮬레이션),정선_v2(라벨없음),20.4,-1.02,34.97,86.73,0.9983718202161501,0.05704128853989235,0.3219872254598721,0.25668847521256366,0.20535078017005093,20.535078,2
229,강원-태백선67-충,남면 무릉리 산478-1철,추정값 (시뮬레이션),정선_v2(라벨없음),17.63,-0.58,116.87,59.16,0.8586022142802594,0.5126424071738851,0.3566083332248114,0.29015481711427804,0.23212385369142244,23.212385,2
230,강원-정선선01-충,남면 무릉리 505-11철,추정값 (시뮬레이션),정선_v2(라벨없음),18.63,-1.48,93.56,174.0,0.10452846326765373,-0.9945218953682733,0.6597417091124721,0.6070839195785306,0.4856671356628245,48.566714,4
231,태백 69km150(우),남면 무릉리 632철,추정값 (시뮬레이션),정선_v2(라벨없음),14.19,-1.0,96.15,100.1,0.9845031799744367,-0.17536672609198697,0.6636798476078298,0.6114350867629962,0.48914806941039696,48.914807,4
232,태백 71km510(좌),남면 무릉리 516-3철,추정값 (시뮬레이션),정선_v2(라벨없음),13.88,-0.08,144.0,144.43,0.5816971518176635,-0.81340544844943,0.14718949450208502,0.10033493566687633,0.08026794853350107,8.026795,1
233,무릉3지구(지방도421),남면 무릉리 104-1전,추정값 (시뮬레이션),정선_v2(라벨없음),18.23,-0.16,106.55,126.66,0.8021926698823056,-0.5970652563891976,0.40699793862253203,0.34002484516253606,0.27201987613002887,27.201988,2
234,태백 69km670(우),남면 무릉리 603-3철,추정값 (시뮬레이션),정선_v2(라벨없음),7.89,0.97,,189.08,-0.15781338518579385,-0.9874689541733452,0.6516097662874708,0.5981155615013648,0.47849244920109185,47.849245,4
235,태백 70km864(중),남면 무릉리 산471임,추정값 (시뮬레이션),정선_v2(라벨없음),21.08,-0.37,108.38,48.43,0.7481456189281362,0.6635345754959843,0.24015562407670216,0.18054743127985196,0.14443794502388158,14.443795,1
236,태백 70km940(중),남면 무릉리 산471-1철,추정값 (시뮬레이션),정선_v2(라벨없음),35.65,0.77,150.35,295.32,-0.9039333185479418,0.4276734216886819,0.47294187484286876,0.4071639532771806,0.3257311626217445,32.573116,3
237,태백 70km960 (좌),남면 무릉리 산471-1철,추정값 (시뮬레이션),정선_v2(라벨없음),8.59,0.77,76.38,131.81,0.7453596564674311,-0.6666625702038124,0.689808110639277,0.6404333741313094,0.5123466993050475,51.23467,4
238,강원-태백선69-충,남면 무릉리 산474-2철,추정값 (시뮬레이션),정선_v2(라벨없음),2.45,-0.29,99.31,34.57,0.5674126740392877,0.8234335779767454,0.4760546543131614,0.4103818818546875,0.32830550548375004,32.830551,3
239,강원-태백선68-충,남면 무릉리 산474-2철,추정값 (시뮬레이션),정선_v2(라벨없음),13.43,-0.64,70.82,254.38,-0.9630686373944737,-0.26925601138535754,0.40867250126644467,0.3417043433581361,0.2733634746865089,27.336347,3
240,강원-태백선68-1-충,남면 무릉리 산474-2철,추정값 (시뮬레이션),정선_v2(라벨없음),26.96,0.39,70.81,148.91,0.516383874201121,-0.8563572236310271,0.5617277944913489,0.5005311334650857,0.4004249067720686,40.042491,4
241,강원-태백선68-2-충,남면 무릉리 산474-2철,추정값 (시뮬레이션),정선_v2(라벨없음),31.83,-0.75,72.69,109.27,0.9439738791324724,-0.33002017440694786,0.530175692891971,0.4669859078795819,0.3735887263036655,37.358873,3
242,강원-태백선68-3-충,남면 무릉리 산474-2철,추정값 (시뮬레이션),정선_v2(라벨없음),25.46,-0.96,112.63,230.42,-0.7707356987759658,-0.6371549910597293,0.15251670288589309,0.1047082472225369,0.08376659777802953,8.37666,1
243,태백 73km125(중),남면 무릉리 산474-2철,추정값 (시뮬레이션),정선_v2(라벨없음),,-0.51,53.69,197.87,-0.3068583220260561,-0.9517552049783354,0.2685381293209936,0.20644632251508047,0.16515705801206437,16.515706,2
244,태백 73km126(좌),남면 무릉리 산474-2철,추정값 (시뮬레이션),정선_v2(라벨없음),9.55,0.51,65.57,278.36,-0.9893740770682332,0.14539235064260356,0.19622120712506613,0.14167562321310245,0.11334049857048197,11.33405,1
245,태백 73km195(중),남면 무릉리 산474-2철,추정값 (시뮬레이션),정선_v2(라벨없음),21.11,0.71,79.65,349.56,-0.1812057636271378,0.9834452049953296,0.45642350635896234,0.39015897677573885,0.3121271814205911,31.212718,3
246,태백 68km530(중),남면 무릉리 산589임,추정값 (시뮬레이션),정선_v2(라벨없음),35.68,-0.25,35.48,47.67,0.7392786050796455,0.6733996911727044,0.4135607411296474,0.3466148505579525,0.277291880446362,27.729188,3
247,강원-정선선04-충,남면 유평리 392-2철,실측값,정선_v2(라벨없음),13.39,0.17,45.13,25.59,0.4319283427528657,0.9019079258587115,0.8392581637936853,0.8103538305817669,0.6482830644654136,64.828306,5
248,강원-정선선05-충,남면 유평리 632-5철,실측값,정선_v2(라벨없음),35.11,-1.19,156.31,123.79,0.831081548518267,-0.5561505728779568,0.791888279028866,0.7557822671194906,0.6046258136955925,60.462581,5
249,강원-정선선06-충,남면 유평리 634-2철,실측값,정선_v2(라벨없음),32.04,-0.38,124.09,87.68,0.999180325602039,0.04048057472175247,0.40652742364791455,0.3395531918246577,0.27164255345972615,27.164255,2
250,강원-정선선06-01-충,남면 유평리 634-2철,실측값,정선_v2(라벨없음),32.04,-0.38,124.09,87.68,0.999180325602039,0.04048057472175247,0.40652742364791455,0.3395531918246577,0.27164255345972615,27.164255,2
251,강원-정선선5-1-충,남면 유평리 634-2철,실측값,정선_v2(라벨없음),32.04,-0.38,124.09,87.68,0.999180325602039,0.04048057472175247,0.40652742364791455,0.3395531918246577,0.27164255345972615,27.164255,2
252,정선 9km915(좌),남면 유평리 653-1철,실측값,정선_v2(라벨없음),5.12,-0.74,48.75,30.69,0.5103928376041531,0.8599413650490251,0.7275772599922172,0.6827393594927545,0.5461914875942037,54.619149,5
253,정선 12km060(중),남면 유평리 산2-2철,실측값,정선_v2(라벨없음),6.01,0.47,36.19,243.82,-0.8974124296230541,-0.4411926236441935,0.3293127290281,0.2637121998288598,0.21096975986308786,21.096976,2
254,강원 정선 남 유평 N1지구,남면 유평리 283전,실측값,정선_v2(라벨없음),8.83,-0.02,48.31,3.66,0.0638356160555814,0.9979604271326616,0.9589536990590476,0.9509488695214336,0.7607590956171469,76.07591,5
255,강원 정선 남 유평 N4지구,남면 유평리 산 278-5 도,실측값,정선_v2(라벨없음),19.81,-1.03,101.71,165.08,0.25747010637035367,-0.9662862641710471,0.7754356090612473,0.7369786193513678,0.5895828954810942,58.95829,5
256,강원 정선 남 유평 N2지구,남면 유평리 산291임,추정값 (시뮬레이션),정선_v2(라벨없음),37.61,-0.64,76.62,247.65,-0.9248782281665496,-0.38026341273320485,0.12302937841522359,0.08091156394813097,0.06472925115850478,6.472925,1
257,강원 정선 남 유평 N3지구,남면 유평리 산315-1구,실측값,정선_v2(라벨없음),25.68,0.59,117.34,201.49,-0.36633883264319206,-0.9304815203418192,0.46925337962247926,0.40335634311752216,0.32268507449401773,32.268507,3
258,강원-정선선08-충,남면 낙동리 342-2철,실측값,정선_v2(라벨없음),6.21,0.52,34.25,294.35,-0.9110438156205597,0.4123095512106549,0.6379167599936206,0.5830647885285598,0.46645183082284786,46.645183,4
259,강원-정선선07-충,남면 낙동리 산225-1철,실측값,정선_v2(라벨없음),10.94,-0.33,44.4,27.15,0.45632159090047586,0.8898149277675997,0.7633980698821938,0.7232713613128932,0.5786170890503145,57.861709,5
260,강원-정선선09-충,남면 낙동리 산64-1철,실측값,정선_v2(라벨없음),16.17,-0.91,82.88,65.95,0.9131901651548396,0.4075337069059155,0.2500331807277469,0.18949474676152514,0.15159579740922013,15.15958,2
261,정선 12km470(중),남면 낙동리 산218-2철,실측값,정선_v2(라벨없음),23.38,0.12,103.18,39.91,0.6415835173766988,0.7670531860507087,0.6911729064420775,0.641954203377463,0.5135633627019704,51.356336,5
262,정선 12km310(중),남면 낙동리 산214-2철,실측값,정선_v2(라벨없음),19.38,0.57,97.28,111.37,0.9312467372642059,-0.36438923465817563,0.8434838328743706,0.815252455240581,0.6522019641924648,65.220196,5
263,정선 12km160(중),남면 낙동리 산211-2철,실측값,정선_v2(라벨없음),6.01,0.47,36.19,243.82,-0.8974124296230541,-0.4411926236441935,0.3293127290281,0.2637121998288598,0.21096975986308786,21.096976,2
264,강원-정선선19-충,북평면 북평리 산275-2철,실측값,정선_v2(라벨없음),35.67,-0.07,162.84,117.86,0.8840920913309248,-0.46731271547659786,0.47707347969642977,0.411436038735885,0.32914883098870806,32.914883,3
265,강원-정선선18-충,북평면 북평리 산275-1철,실측값,정선_v2(라벨없음),33.54,0.27,150.1,109.34,0.9435699790282908,-0.33117320947889334,0.35207193561907146,0.2857312160571706,0.2285849728457365,22.858497,2
266,항골3지구,북평면 북평리 산1 임,실측값,정선_v2(라벨없음),25.0,1.96,130.49,157.25,0.38671096163682045,-0.9222009716704519,0.33645875407932185,0.27059402261341653,0.21647521809073322,21.647522,2
267,강원 정선 북평 남평 N1지구,북평면 남평리 산43임,실측값,정선_v2(라벨없음),13.03,-0.56,62.95,259.23,-0.9823852287012823,-0.18686696452163307,0.5537580417671644,0.49202147138308666,0.3936171771064694,39.361718,4
268,강원-정선선16-충,북평면 나전리 산191-1임,실측값,정선_v2(라벨없음),18.19,0.31,80.05,345.08,-0.2574701063703538,0.9662862641710471,0.8671270032551239,0.8427509543344472,0.6742007634675579,67.420076,5
269,강원-정선선17-충,북평면 나전리 429-11철,실측값,정선_v2(라벨없음),13.76,-0.25,50.0,107.15,0.9555360523014723,-0.29487429991797864,0.2905562979728542,0.22692186913282758,0.18153749530626206,18.15375,2
270,강원-정선선17-1-충,북평면 나전리 145-3전,실측값,정선_v2(라벨없음),17.36,-0.32,74.82,112.28,0.9253421172031084,-0.379133177300627,0.8355219086027407,0.8060266673555845,0.6448213338844676,64.482133,5
271,강원-정선선17-2-충,북평면 나전리 145-3전,실측값,정선_v2(라벨없음),17.36,-0.32,74.82,112.28,0.9253421172031084,-0.379133177300627,0.8355219086027407,0.8060266673555845,0.6448213338844676,64.482133,5
272,강원-정선선-17-3-충,북평면 나전리 145-3전,실측값,정선_v2(라벨없음),17.36,-0.32,74.82,112.28,0.9253421172031084,-0.379133177300627,0.8355219086027407,0.8060266673555845,0.6448213338844676,64.482133,5
273,숙암7지구,북평면 숙암리 산1-1 임,실측값,정선_v2(라벨없음),27.47,-0.93,106.89,168.73,0.19543266877155668,-0.9807171212825985,0.5003746140005432,0.4356666554778626,0.3485333243822901,34.853332,3
274,숙암2지구,북평면 숙암리 산1 임,실측값,정선_v2(라벨없음),34.92,0.96,175.58,125.98,0.8092221208415908,-0.5875028162831544,0.5893050298293964,0.5301614891716506,0.4241291913373205,42.412919,4
275,숙암3지구,북평면 숙암리 산1 임,실측값,정선_v2(라벨없음),34.92,0.96,175.58,125.98,0.8092221208415908,-0.5875028162831544,0.5893050298293964,0.5301614891716506,0.4241291913373205,42.412919,4
276,숙암4지구,북평면 숙암리 산1 임,실측값,정선_v2(라벨없음),34.92,0.96,175.58,125.98,0.8092221208415908,-0.5875028162831544,0.5893050298293964,0.5301614891716506,0.4241291913373205,42.412919,4
277,숙암6지구,북평면 숙암리 산1 임,실측값,정선_v2(라벨없음),34.92,0.96,175.58,125.98,0.8092221208415908,-0.5875028162831544,0.5893050298293964,0.5301614891716506,0.4241291913373205,42.412919,4
278,벗밭지구,북평면 숙암리 산264-1임,실측값,정선_v2(라벨없음),19.27,-0.11,80.0,194.19,-0.24513818201067827,-0.9694881493450549,0.7375556030981085,0.6939908107934805,0.5551926486347843,55.519265,5
279,가목지구,임계면 가목리 106-4전,추정값 (시뮬레이션),정선_v2(라벨없음),17.87,0.07,118.58,249.15,-0.9345154311955988,-0.3559226163891586,0.0822130479929192,0.04988028194242547,0.03990422555394038,3.990423,1
280,강원 정선 임계 봉산 N1지구,임계면 봉산리 산150-3 임,추정값 (시뮬레이션),정선_v2(라벨없음),45.02,0.5,87.3,83.39,0.9933526901534763,0.11511052499598716,0.7956165266589416,0.7600541854684094,0.6080433483747276,60.804335,5
281,구미정지구,임계면 봉산리 산169-4임,추정값 (시뮬레이션),정선_v2(라벨없음),3.87,-0.28,38.77,325.35,-0.5685618507342639,0.8226405180208598,0.5589137238023419,0.49752364813078126,0.398018918504625,39.801892,4
282,강원 정선 임계 낙천 N1지구,임계면 낙천리 산232-33임,추정값 (시뮬레이션),정선_v2(라벨없음),8.46,0.79,98.11,203.14,-0.3929791774875812,-0.919547370210575,0.6078245457978483,0.5502168434802154,0.44017347478417235,44.017347,4
283,강원 정선 임계 덕암 N3지구,임계면 덕암리 산377-1임,추정값 (시뮬레이션),정선_v2(라벨없음),18.55,-0.66,97.49,229.87,-0.764584033736195,-0.6445240533569628,0.5110502210001207,0.44684437626640394,0.3574755010131232,35.74755,3
284,강원 정선 임계 덕암 N1지구,임계면 덕암리 산449임,추정값 (시뮬레이션),정선_v2(라벨없음),12.75,0.02,103.4,183.46,-0.06035169516985543,-0.9981771750997539,0.5245480901323569,0.4610439974754633,0.3688351979803707,36.88352,3
285,강원 정선 임계 덕암 N2지구,임계면 덕암리 345대,추정값 (시뮬레이션),정선_v2(라벨없음),12.09,0.16,79.9,261.89,-0.9899990507335855,-0.1410740215156551,0.2522242426471007,0.19148915909078507,0.15319132727262808,15.319133,2
286,고양6교지구,임계면 고양리 산189 임,추정값 (시뮬레이션),정선_v2(라벨없음),18.38,-0.61,134.04,328.33,-0.525026095406947,0.8510861290972468,0.23734086107506228,0.17801107233880706,0.14240885787104565,14.240886,1
287,반천3지구,임계면 반천리 산115-1임,추정값 (시뮬레이션),정선_v2(라벨없음),4.95,0.74,125.41,111.35,0.9313738763649,-0.3640641460306411,0.4335871654191422,0.36685268484214545,0.29348214787371635,29.348215,3
288,여우새지구,임계면 반천리 산161-4 임,추정값 (시뮬레이션),정선_v2(라벨없음),23.37,-1.51,3.91,200.08,-0.3433318679216155,-0.9392141547429183,0.308257773464265,0.2436109720156881,0.1948887776125505,19.488878,2
289,화암13,화암면 화암리 산352-3임,추정값 (시뮬레이션),정선_v2(라벨없음),4.86,-0.16,80.89,70.0,0.9396926207859083,0.3420201433256688,0.4823162986407973,0.4168677762972392,0.33349422103779136,33.349422,3
290,강원 정선 화암 화암 N1지구,화암면 화암리 산414임,추정값 (시뮬레이션),정선_v2(라벨없음),14.78,-0.99,140.67,94.73,0.9965943473003078,-0.08246033548969689,0.4291127876140595,0.362314527572225,0.28985162205778,28.985162,3
291,강원 정선 화암 화암 N2지구,화암면 화암리 산403임,추정값 (시뮬레이션),정선_v2(라벨없음),22.47,0.88,175.55,192.88,-0.22290984657149998,-0.9748390637953889,0.538273426877465,0.47555804001123725,0.3804464320089898,38.044643,3
292,화암9지구(지방도421),화암면 화암리 산226-3임,추정값 (시뮬레이션),정선_v2(라벨없음),13.55,0.03,84.88,121.01,0.857077396545361,-0.5151876709811931,0.6885103414358814,0.6389877925214614,0.5111902340171691,51.119023,4
293,화암11지구(지방도424,화암면 화암리 산370-1임,추정값 (시뮬레이션),정선_v2(라벨없음),24.02,-0.13,90.17,226.44,-0.7246531301870467,-0.6891138083873485,0.45710106593225586,0.39085410796207304,0.3126832863696585,31.268329,3
294,정수장뒤지구,화암면 화암리 326-10 수,추정값 (시뮬레이션),정선_v2(라벨없음),28.92,-2.03,34.2,167.14,0.222569549971161,-0.9749168146183729,0.412846250436762,0.34589637729551737,0.2767171018364139,27.67171,3
295,화암10지구(지방도421,화암면 화암리 324전,추정값 (시뮬레이션),정선_v2(라벨없음),19.73,0.57,95.65,89.82,0.9999950652018582,0.003141587485879651,0.7710201921710703,0.7319457649160502,0.5855566119328403,58.555661,5
296,석곡2지구(지방도424),화암면 석곡리 산384-2임,실측값,정선_v2(라벨없음),23.77,-0.37,101.74,286.1,-0.9607791541575941,0.27731465330237787,0.12264760463721165,0.08061036447438542,0.06448829157950835,6.448829,1
297,강원 정선 화암 석곡 N3지구,화암면 석곡리 676-1구,실측값,정선_v2(라벨없음),11.41,-0.79,85.72,95.39,0.9955783744389298,-0.09393455354414551,0.7677708618568612,0.7282457371077623,0.5825965896862099,58.259659,5
298,강원 정선 화암 석곡 N1지구,화암면 석곡리 산42임,추정값 (시뮬레이션),정선_v2(라벨없음),25.93,0.62,64.91,267.95,-0.9993599909269292,-0.03577161632535021,0.227269078636529,0.16898510330594568,0.13518808264475654,13.518808,1
299,강원 정선 화암 석곡 N2지구,화암면 석곡리 산259임,추정값 (시뮬레이션),정선_v2(라벨없음),22.1,0.31,80.17,141.54,0.6219681214153642,-0.783042563302304,0.6259879695200141,0.570005681133106,0.45600454490648484,45.600454,4
300,강원 정선 화암 몰운 N2지구,화암면 몰운리 산15-2임,추정값 (시뮬레이션),정선_v2(라벨없음),24.79,-0.35,45.16,321.07,-0.6283704587105883,0.7779142411730517,0.32369330112479544,0.25832144064747736,0.2066571525179819,20.665715,2
301,강원 정선 화암 몰운 N3지구,화암면 몰운리 산15-2임,추정값 (시뮬레이션),정선_v2(라벨없음),15.1,0.27,72.46,204.99,-0.422460074755456,-0.9063815340338828,0.6948849746179708,0.6460936985555658,0.5168749588444527,51.687496,5
302,몰운5지구(지방도424),화암면 몰운리 산109-1천,추정값 (시뮬레이션),정선_v2(라벨없음),19.71,-0.08,109.83,217.98,-0.6153863701791714,-0.7882256119904401,0.34431592521204096,0.2781944951730827,0.22255559613846618,22.25556,2
303,몰운7지구(지방도424),화암면 몰운리 산109-8도,추정값 (시뮬레이션),정선_v2(라벨없음),27.39,-0.83,51.27,127.6,0.7922896433551907,-0.6101451639012676,0.5093288973785937,0.445038907187279,0.3560311257498232,35.603113,3
304,강원 정선 화암 몰운 N1지구,화암면 몰운리 산108임,추정값 (시뮬레이션),정선_v2(라벨없음),16.1,-0.08,64.8,222.31,-0.6731415932371264,-0.7395136208713016,0.7772229729054035,0.7390175544112626,0.5912140435290101,59.121404,5
305,몰운2지구(지방도421),화암면 몰운리 산194임,추정값 (시뮬레이션),정선_v2(라벨없음),28.05,0.35,115.83,17.13,0.29454073695529936,0.9556389246330589,0.45046480827275726,0.3840546624358083,0.3072437299486467,30.724373,3
306,백전7지구(지방도424),화암면 호촌리 산148임,추정값 (시뮬레이션),정선_v2(라벨없음),13.88,-0.57,64.67,101.28,0.9806829969102356,-0.1956038332220481,0.6863513941283277,0.636584154494394,0.5092673235955152,50.926732,4
307,강원 정선 화암 호촌 N2지구,화암면 호촌리 산192임,추정값 (시뮬레이션),정선_v2(라벨없음),20.37,0.78,46.34,24.05,0.40753370690591556,0.9131901651548396,0.6744363957480823,0.6233460310234461,0.4986768248187569,49.867682,4
308,강원 정선 화암 호촌 N1지구,화암면 호촌리 산58임,추정값 (시뮬레이션),정선_v2(라벨없음),29.26,-0.14,73.31,252.94,-0.9559980607330604,-0.2933729842276344,0.13533848695722075,0.0907205303172875,0.07257642425383,7.257642,1
309,백전6지구(지방도424),화암면 백전리 산230-1 임,추정값 (시뮬레이션),정선_v2(라벨없음),29.18,0.17,35.89,174.39,0.09775659822135276,-0.9952103533947931,0.39345506246375406,0.32649321853152646,0.2611945748252212,26.119457,2
310,백전1지구(국지도28),화암면 백전리 187-2전,추정값 (시뮬레이션),정선_v2(라벨없음),11.29,-0.47,144.69,43.83,0.6925209917473585,0.7213977238592142,0.2709630607462803,0.20868541976231836,0.1669483358098547,16.694834,2
311,백전4지구(지방도424),화암면 백전리 601-9천,추정값 (시뮬레이션),정선_v2(라벨없음),28.55,0.22,101.46,225.89,-0.7180048271300433,-0.6960381226757314,0.5759437691033507,0.5157700278213138,0.412616022257051,41.261602,4
312,백전5지구(지방도424),화암면 백전리 산68-3임,추정값 (시뮬레이션),정선_v2(라벨없음),22.95,-0.01,114.95,260.54,-0.9864005861418533,-0.1643590084510372,0.12785203939606515,0.08473233838496752,0.06778587070797402,6.778587,1
313,강원 정선 여량 여량 N1지구,여량면 여량리 산27임,실측값,정선_v2(라벨없음),16.22,-0.73,68.05,256.41,-0.9720020258153628,-0.23497247032542098,0.5310767891661101,0.46793850700035144,0.37435080560028117,37.435081,3
314,정선 38km010(중),여량면 여량리 산166-1철,실측값,정선_v2(라벨없음),23.92,1.01,110.12,24.6,0.4162807922604012,0.9092361090470685,0.31845560234517983,0.2533136963626223,0.20265095709009784,20.265096,2
315,정선 37km690(중),여량면 여량리 산167-1철,실측값,정선_v2(라벨없음),23.77,-0.41,87.6,262.22,-0.9907951537823761,-0.13536972793559687,0.19138146699268888,0.13749276795014548,0.10999421436011639,10.999421,1
316,봉정9지구,여량면 여량리 산7-5천,실측값,정선_v2(라벨없음),17.77,-0.19,64.28,14.62,0.2524071371038435,0.9676211227226499,0.8821133915815432,0.8602591454340563,0.6882073163472451,68.820732,5
317,여량지구,여량면 여량리 산1-2임,실측값,정선_v2(라벨없음),13.89,0.49,76.0,10.24,0.17777179526300305,0.9840717396658482,0.8824472644360898,0.8606498816579298,0.6885199053263439,68.851991,5
318,정선 40km020(우),여량면 유천리 258철,실측값,정선_v2(라벨없음),5.93,-0.6,33.03,243.64,-0.896021955848561,-0.4440097461062305,0.6413220111070316,0.586801715675423,0.46944137254033846,46.944137,4
319,유천1지구(지방도415호),여량면 유천리 746-1도,실측값,정선_v2(라벨없음),1.91,-0.41,22.51,306.19,-0.8070633799873795,0.590464817481403,0.7064211160449678,0.6589863320097052,0.5271890656077642,52.718907,5
320,강원 정선 여량 유천 N1지구,여량면 유천리 746-1도,실측값,정선_v2(라벨없음),1.91,-0.41,22.51,306.19,-0.8070633799873795,0.590464817481403,0.7064211160449678,0.6589863320097052,0.5271890656077642,52.718907,5
321,정선 42km400(좌),여량면 유천리 690-2철,추정값 (시뮬레이션),정선_v2(라벨없음),,-0.11,97.08,124.31,0.8259999280643195,-0.5636702217056875,0.6994431610485797,0.6511827894211655,0.5209462315369324,52.094623,5
322,유천리지구,여량면 유천리 산270-12임,추정값 (시뮬레이션),정선_v2(라벨없음),11.57,-0.63,104.24,1.84,0.032108538581781546,0.9994843879471766,0.7108269157624653,0.6639213536140361,0.531137082891229,53.113708,5
323,강원-정선선22-충,여량면 유천리 산270-2철,추정값 (시뮬레이션),정선_v2(라벨없음),28.18,-0.86,64.65,96.32,0.9939225903997749,-0.11008126222478203,0.6372162420561629,0.5822965331650636,0.4658372265320509,46.583723,4
324,강원-정선선22-2-충,여량면 유천리 산270-2철,추정값 (시뮬레이션),정선_v2(라벨없음),34.34,-0.49,75.0,86.57,0.9982086383440394,0.05982904257414425,0.6685072155639542,0.616775791155887,0.4934206329247096,49.342063,4
325,정선 42km560(좌),여량면 유천리 산270-2철,추정값 (시뮬레이션),정선_v2(라벨없음),18.79,-0.02,62.84,157.58,0.381393080575041,-0.9244129586334672,0.4479483299529226,0.38148152153491866,0.30518521722793496,30.518522,3
326,정선 43km270(우),여량면 유천리 산270-2철,추정값 (시뮬레이션),정선_v2(라벨없음),11.11,0.21,23.53,107.97,0.9512181868388854,-0.3085189800108633,0.5548004410580986,0.49313310344905464,0.3945064827592437,39.450648,4
327,정선 40km000(중),여량면 유천리 산134-3 철,실측값,정선_v2(라벨없음),23.24,-0.85,89.57,260.34,-0.9858208566464723,-0.1678011877217067,0.1458574970080567,0.09924634183591947,0.07939707346873559,7.939707,1
328,강원-정선선20-충,여량면 유천리 산134-4임,실측값,정선_v2(라벨없음),20.72,-0.77,72.8,268.06,-0.9994268257026119,-0.03385291813124965,0.1067922723639321,0.06827281237857001,0.05461824990285601,5.461825,1
329,정선 44km100(좌),여량면 유천리 산318-7철,추정값 (시뮬레이션),정선_v2(라벨없음),9.49,-0.45,107.23,88.92,0.999822352380809,0.018848439715408175,0.3864874418107168,0.3195673963312322,0.2556539170649858,25.565392,2
330,정선 43km420(좌),여량면 유천리 산270-1임,실측값,정선_v2(라벨없음),27.19,0.18,120.21,7.12,0.12394785839500173,0.9922887323754577,0.19603010857857037,0.14151006699013255,0.11320805359210605,11.320805,1
331,강원-정선선21-충,여량면 유천리 산184-1철,실측값,정선_v2(라벨없음),3.01,-0.28,12.66,284.7,-0.9672677527758768,0.2537579445848055,0.6590007089309855,0.6062657834850154,0.4850126267880123,48.501263,4
332,강원-정선선23-충,여량면 구절리 산247-3철,추정값 (시뮬레이션),정선_v2(라벨없음),32.9,-1.52,91.08,227.98,-0.7429112095630294,-0.6693899720682979,0.47053448735463343,0.4046781464563552,0.3237425171650842,32.374252,3
333,구절1,여량면 구절리 산2-7천,추정값 (시뮬레이션),정선_v2(라벨없음),17.23,-0.17,114.3,354.23,-0.10053536503316103,0.9949334854037475,0.5333061787139389,0.4702967075706507,0.3762373660565206,37.623737,3
334,강원 정선 여량 구절 N1지구,여량면 구절리 산2-7천,추정값 (시뮬레이션),정선_v2(라벨없음),24.67,-0.69,150.27,71.46,0.9481019036840319,0.3179666338324111,0.3999714073913298,0.3329927173232785,0.2663941738586228,26.639417,2
335,강원 정선 여량 남곡 N6지구,여량면 남곡리 산104-8임,추정값 (시뮬레이션),정선_v2(라벨없음),15.15,-0.28,71.56,155.35,0.41707409184077104,-0.908872489359864,0.5856348714957414,0.5262017820474406,0.4209614256379525,42.096143,4
336,강원 정선 여량 남곡 N1지구,여량면 남곡리 산21임,추정값 (시뮬레이션),정선_v2(라벨없음),34.31,0.67,93.61,123.67,0.8322445239375971,-0.5544087412513284,0.8158595304447313,0.7833186546132439,0.6266549236905952,62.665492,5
337,강원 정선 여량 남곡 N4지구,여량면 남곡리 산56임,추정값 (시뮬레이션),정선_v2(라벨없음),37.08,0.38,28.55,45.02,0.7073535649320245,0.7068599112822541,0.6114412771982559,0.5541479162363201,0.4433183329890561,44.331833,4
338,강원 정선 여량 남곡 N5지구,여량면 남곡리 산49임,추정값 (시뮬레이션),정선_v2(라벨없음),10.32,-0.14,81.43,35.99,0.5876440432381443,0.8091195699318648,0.5317841561443,0.4686865306236979,0.37494922449895834,37.494922,3
339,강원 정선 여량 남곡 N3지구,여량면 남곡리 13전,추정값 (시뮬레이션),정선_v2(라벨없음),22.46,-0.42,138.79,226.33,-0.7233287919747898,-0.6905037716770932,0.21928823528820657,0.1618893946529785,0.12951151572238281,12.951152,1
340,강원 정선 여량 남곡 N2지구,여량면 남곡리 44대,추정값 (시뮬레이션),정선_v2(라벨없음),11.06,0.66,98.39,251.28,-0.9470983049947442,-0.32094360980720976,0.23245933641969418,0.17362665261626145,0.13890132209300918,13.890132,1
341,봉정2지구,여량면 봉정리 450-1 도,추정값 (시뮬레이션),정선_v2(라벨없음),22.88,0.04,115.82,287.56,-0.9534015294951231,0.3017043644967038,0.09880369819228993,0.06219104301384057,0.04975283441107246,4.975283,1
342,봉정1지구,여량면 봉정리 445-7 도,추정값 (시뮬레이션),정선_v2(라벨없음),31.48,1.61,63.31,130.83,0.7566528216719454,-0.6538168760867856,0.5300157661988435,0.4668168742705632,0.37345349941645056,37.34535,3
343,봉정6지구,여량면 봉정리 산74-1도,추정값 (시뮬레이션),정선_v2(라벨없음),,-0.46,120.4,142.17,0.6133206938151129,-0.7898339866947665,0.3485481784106323,0.2823029268495523,0.22584234147964188,22.584234,2
344,봉정5지구,여량면 봉정리 산80-6임,추정값 (시뮬레이션),정선_v2(라벨없음),5.49,-0.13,86.65,160.02,0.3416921078914831,-0.9398119510863198,0.5885745894022865,0.529373028155004,0.4234984225240032,42.349842,4
